Workbook

Sheet Portfolio
A1: Stock | B1: Ticker | C1: Holding % | D1: Normalised Weight | E1: Investment
A2: HDFC Bank | B2: HDFCBANK | C2: 0.024 | D2: =C2/$C$7 -> 0.21052632 | E2: =$E$7*D2 -> 210526.32
A3: ICICI Bank | B3: ICICIBANK | C3: 0.021 | D3: =C3/$C$7 -> 0.18421053 | E3: =$E$7*D3 -> 184210.53
A4: Infosys | B4: INFY | C4: 0.026 | D4: =C4/$C$7 -> 0.22807018 | E4: =$E$7*D4 -> 228070.18
A5: Axis Bank | B5: AXISBANK | C5: 0.021 | D5: =C5/$C$7 -> 0.18421053 | E5: =$E$7*D5 -> 184210.53
A6: Mahindra & Mahindra | B6: M&M | C6: 0.022 | D6: =C6/$C$7 -> 0.19298246 | E6: =$E$7*D6 -> 192982.46
C7: =SUM(C2:C6) -> 0.114 | D7: =SUM(D2:D6) -> 1 | E7: 1000000
A9: Portfolio Statistics
A10: Average Daily Return | B10: =AVERAGE(Returns!G5:G744) -> 0.00045415762 | D10: Risk Measure | E10: 95% Confidence | F10: 99% Confidence
A11: Daily Volatility | B11: =_xlfn.STDEV.S(Returns!G5:G744) -> 0.009952701 | D11: Historical VaR (%) | E11: =-_xlfn.PERCENTILE.INC(Returns!G5:G744, 0.05) -> 0.015098984 | F11: =-_xlfn.PERCENTILE.INC(Returns!G5:G744, 0.01) -> 0.025598995
A12: Observations | B12: =COUNT(Returns!G5:G744) -> 740 | D12: Historical VaR (₹) | E12: =E11*1000000 -> 15098.984 | F12: =F11*1000000 -> 25598.995
A13: Z-score (95%) | B13: =_xlfn.NORM.S.INV(95%) -> 1.6448536
A14: Z-score (99%) | B14: =_xlfn.NORM.S.INV(99%) -> 2.3263479 | D14: Parametric VaR (%) | E14: =(B13*B11)-B10 -> 0.015916579 | F14: =(B14*B11)-B10 -> 0.022699287
A15: Skewness | B15: =SKEW(Returns!G5:G744) -> 0.021673097 | D15: Parametric VaR (₹) | E15: =E14*1000000 -> 15916.579 | F15: =F14*1000000 -> 22699.287
A16: Excess Kurtosis | B16: =KURT(Returns!G5:G744) -> 3.1488355
A17: φ(Z) (95%) | B17: =_xlfn.NORM.S.DIST(B13, FALSE) -> 0.10313564
A18: φ(Z) (99%) | B18: =_xlfn.NORM.S.DIST(B14, FALSE) -> 0.026652142 | D18: Historical ES (%) | E18: =-AVERAGEIF(Returns!$G$5:$G$744, "<"&-E11) -> 0.022072416 | F18: =-AVERAGEIF(Returns!$G$5:$G$744, "<"&-F11) -> 0.033597166
D19: Historical ES (₹) | E19: =E18*1000000 -> 22072.416 | F19: =F18*1000000 -> 33597.166
D21: Parametric ES (%) | E21: =B11*B17/(0.05)-B10 -> 0.020075406 | F21: =B11*B18/(0.01)-B10 -> 0.026071922
D22: Parametric ES (₹) | E22: =E21*1000000 -> 20075.406 | F22: =F21*1000000 -> 26071.922

Sheet Historical Prices
A1: Date | B1: AXISBANK.NS | C1: HDFCBANK.NS | D1: ICICIBANK.NS | E1: INFY.NS | F1: M&M.NS
A2: 45110 | B2: 978.75031 | C2: 823.38391 | D2: 912.08911 | E2: 1213.3569 | F2: 1415.8043
A3: 45111 | B3: 967.3891 | C3: 827.40546 | D3: 914.16974 | E3: 1223.7739 | F3: 1412.4287
A4: 45112 | B4: 963.20343 | C4: 801.12115 | D4: 927.03986 | E4: 1225.7299 | F4: 1422.9415
A5: 45113 | B5: 977.60419 | C5: 801.935 | D5: 928.39465 | E5: 1222.6367 | F5: 1493.7825
A6: 45114 | B6: 974.362 | C6: 794.94501 | D6: 915.81482 | E6: 1210.1729 | F6: 1508.587
A7: 45117 | B7: 961.74231 | C7: 793.05389 | D7: 917.75012 | E7: 1209.2178 | F7: 1496.2902
A8: 45118 | B8: 950.91827 | C8: 789.19983 | D8: 914.41162 | E8: 1226.9125 | F8: 1513.6987
A9: 45119 | B9: 947.72589 | C9: 781.80286 | D9: 913.87939 | E9: 1212.9932 | F9: 1515.0491
A10: 45120 | B10: 957.85162 | C10: 785.70483 | D10: 924.81421 | E10: 1241.9236 | F10: 1511.2394
A11: 45121 | B11: 954.75897 | C11: 787.33264 | D11: 929.02362 | E11: 1297.2831 | F11: 1507.2438
A12: 45124 | B12: 962.54034 | C12: 803.80225 | D12: 937.39404 | E12: 1294.5538 | F12: 1497.2542
A13: 45125 | B13: 961.34326 | C13: 803.13202 | D13: 943.92596 | E13: 1342.0891 | F13: 1495.6947
... A742: 46203 | B742: 1344.663 | C742: 797.95001 | D742: 1363.7032 | E742: 1000.4 | F742: 3036.908

Sheet Returns
A1: STOCK | B1: HDFCBANK | C1: AXISBANK | D1: ICICI | E1: INFY | F1: M&M
A2: WEIGHT | B2: =Portfolio!D2 -> 0.21052632 | C2: =Portfolio!D3 -> 0.18421053 | D2: =Portfolio!D4 -> 0.22807018 | E2: =Portfolio!D5 -> 0.18421053 | F2: =Portfolio!D6 -> 0.19298246
A4: Date | B4: HDFCBANK | C4: AXISBANK | D4: ICICI | E4: INFY | F4: M&M | G4: Portfolio Return | H4: Portfolio P&L | I4: Historical VaR 95% | J4: Historical Breach 95% | K4: Parametric VaR 95% | L4: Parametric Breach 95% | M4: Historical VaR 99% | N4: Historical Breach 99% | O4: Parametric VaR 99% | P4: Parametric Breach 99%
A5: ='Historical Prices'!A3 -> 45111 | B5: ='Historical Prices'!C3/'Historical Prices'!C2-1 -> 0.0048841681 | C5: ='Historical Prices'!B3/'Historical Prices'!B2-1 -> -0.01160787 | D5: ='Historical Prices'!D3/'Historical Prices'!D2-1 -> 0.0022811668 | E5: ='Historical Prices'!E3/'Historical Prices'!E2-1 -> 0.0085852661 | F5: ='Historical Prices'!F3/'Historical Prices'!F2-1 -> -0.0023842351 | G5: =SUMPRODUCT(B5:F5, $B$2:$F$2) -> 0.00053160109 | H5: =G5*1000000 -> 531.60109
A6: ='Historical Prices'!A4 -> 45112 | B6: ='Historical Prices'!C4/'Historical Prices'!C3-1 -> -0.031767136 | C6: ='Historical Prices'!B4/'Historical Prices'!B3-1 -> -0.0043267688 | D6: ='Historical Prices'!D4/'Historical Prices'!D3-1 -> 0.014078477 | E6: ='Historical Prices'!E4/'Historical Prices'!E3-1 -> 0.0015982794 | F6: ='Historical Prices'!F4/'Historical Prices'!F3-1 -> 0.0074430782 | G6: =SUMPRODUCT(B6:F6, $B$2:$F$2) -> -0.0025431705 | H6: =G6*1000000 -> -2543.1705
A7: ='Historical Prices'!A5 -> 45113 | B7: ='Historical Prices'!C5/'Historical Prices'!C4-1 -> 0.0010158798 | C7: ='Historical Prices'!B5/'Historical Prices'!B4-1 -> 0.014950899 | D7: ='Historical Prices'!D5/'Historical Prices'!D4-1 -> 0.001461423 | E7: ='Historical Prices'!E5/'Historical Prices'!E4-1 -> -0.0025235084 | F7: ='Historical Prices'!F5/'Historical Prices'!F4-1 -> 0.049784858 | G7: =SUMPRODUCT(B7:F7, $B$2:$F$2) -> 0.012444037 | H7: =G7*1000000 -> 12444.037
A8: ='Historical Prices'!A6 -> 45114 | B8: ='Historical Prices'!C6/'Historical Prices'!C5-1 -> -0.008716405 | C8: ='Historical Prices'!B6/'Historical Prices'!B5-1 -> -0.0033164624 | D8: ='Historical Prices'!D6/'Historical Prices'!D5-1 -> -0.013550093 | E8: ='Historical Prices'!E6/'Historical Prices'!E5-1 -> -0.010194252 | F8: ='Historical Prices'!F6/'Historical Prices'!F5-1 -> 0.0099107907 | G8: =SUMPRODUCT(B8:F8, $B$2:$F$2) -> -0.0055016119 | H8: =G8*1000000 -> -5501.6119
A9: ='Historical Prices'!A7 -> 45117 | B9: ='Historical Prices'!C7/'Historical Prices'!C6-1 -> -0.0023789234 | C9: ='Historical Prices'!B7/'Historical Prices'!B6-1 -> -0.012951747 | D9: ='Historical Prices'!D7/'Historical Prices'!D6-1 -> 0.0021132031 | E9: ='Historical Prices'!E7/'Historical Prices'!E6-1 -> -0.00078920802 | F9: ='Historical Prices'!F7/'Historical Prices'!F6-1 -> -0.0081512533 | G9: =SUMPRODUCT(B9:F9, $B$2:$F$2) -> -0.0041231448 | H9: =G9*1000000 -> -4123.1448
A10: ='Historical Prices'!A8 -> 45118 | B10: ='Historical Prices'!C8/'Historical Prices'!C7-1 -> -0.0048597768 | C10: ='Historical Prices'!B8/'Historical Prices'!B7-1 -> -0.011254611 | D10: ='Historical Prices'!D8/'Historical Prices'!D7-1 -> -0.0036377015 | E10: ='Historical Prices'!E8/'Historical Prices'!E7-1 -> 0.014633181 | F10: ='Historical Prices'!F8/'Historical Prices'!F7-1 -> 0.011634488 | G10: =SUMPRODUCT(B10:F10, $B$2:$F$2) -> 0.001014858 | H10: =G10*1000000 -> 1014.858
A11: ='Historical Prices'!A9 -> 45119 | B11: ='Historical Prices'!C9/'Historical Prices'!C8-1 -> -0.0093727499 | C11: ='Historical Prices'!B9/'Historical Prices'!B8-1 -> -0.0033571579 | D11: ='Historical Prices'!D9/'Historical Prices'!D8-1 -> -0.00058204265 | E11: ='Historical Prices'!E9/'Historical Prices'!E8-1 -> -0.011344991 | F11: ='Historical Prices'!F9/'Historical Prices'!F8-1 -> 0.00089208095 | G11: =SUMPRODUCT(B11:F11, $B$2:$F$2) -> -0.0046420918 | H11: =G11*1000000 -> -4642.0918
A12: ='Historical Prices'!A10 -> 45120 | B12: ='Historical Prices'!C10/'Historical Prices'!C9-1 -> 0.0049909993 | C12: ='Historical Prices'!B10/'Historical Prices'!B9-1 -> 0.010684242 | D12: ='Historical Prices'!D10/'Historical Prices'!D9-1 -> 0.011965271 | E12: ='Historical Prices'!E10/'Historical Prices'!E9-1 -> 0.023850439 | F12: ='Historical Prices'!F10/'Historical Prices'!F9-1 -> -0.002514567 | G12: =SUMPRODUCT(B12:F12, $B$2:$F$2) -> 0.0096560426 | H12: =G12*1000000 -> 9656.0426
A13: ='Historical Prices'!A11 -> 45121 | B13: ='Historical Prices'!C11/'Historical Prices'!C10-1 -> 0.0020717801 | C13: ='Historical Prices'!B11/'Historical Prices'!B10-1 -> -0.0032287374 | D13: ='Historical Prices'!D11/'Historical Prices'!D10-1 -> 0.0045516295 | E13: ='Historical Prices'!E11/'Historical Prices'!E10-1 -> 0.044575607 | F13: ='Historical Prices'!F11/'Historical Prices'!F10-1 -> -0.0026439263 | G13: =SUMPRODUCT(B13:F13, $B$2:$F$2) -> 0.0085805523 | H13: =G13*1000000 -> 8580.5523
A14: ='Historical Prices'!A12 -> 45124 | B14: ='Historical Prices'!C12/'Historical Prices'!C11-1 -> 0.020918229 | C14: ='Historical Prices'!B12/'Historical Prices'!B11-1 -> 0.0081500905 | D14: ='Historical Prices'!D12/'Historical Prices'!D11-1 -> 0.0090099134 | E14: ='Historical Prices'!E12/'Historical Prices'!E11-1 -> -0.0021038184 | F14: ='Historical Prices'!F12/'Historical Prices'!F11-1 -> -0.0066277428 | G14: =SUMPRODUCT(B14:F14, $B$2:$F$2) -> 0.0062934791 | H14: =G14*1000000 -> 6293.4791
A15: ='Historical Prices'!A13 -> 45125 | B15: ='Historical Prices'!C13/'Historical Prices'!C12-1 -> -0.00083382082 | C15: ='Historical Prices'!B13/'Historical Prices'!B12-1 -> -0.00124367 | D15: ='Historical Prices'!D13/'Historical Prices'!D12-1 -> 0.0069681704 | E15: ='Historical Prices'!E13/'Historical Prices'!E12-1 -> 0.03671943 | F15: ='Historical Prices'!F13/'Historical Prices'!F12-1 -> -0.0010415388 | G15: =SUMPRODUCT(B15:F15, $B$2:$F$2) -> 0.0077477003 | H15: =G15*1000000 -> 7747.7003
A16: ='Historical Prices'!A14 -> 45126 | B16: ='Historical Prices'!C14/'Historical Prices'!C13-1 -> 0.0045305264 | C16: ='Historical Prices'!B14/'Historical Prices'!B13-1 -> 0.00067451193 | D16: ='Historical Prices'!D14/'Historical Prices'!D13-1 -> -0.0020503989 | E16: ='Historical Prices'!E14/'Historical Prices'!E13-1 -> -0.00016935904 | F16: ='Historical Prices'!F14/'Historical Prices'!F13-1 -> 0.006352951 | G16: =SUMPRODUCT(B16:F16, $B$2:$F$2) -> 0.0018052228 | H16: =G16*1000000 -> 1805.2228
... A254: ='Historical Prices'!A252 -> 45483 | B254: ='Historical Prices'!C252/'Historical Prices'!C251-1 -> -0.0063549597 | C254: ='Historical Prices'!B252/'Historical Prices'!B251-1 -> 0.0017450092 | D254: ='Historical Prices'!D252/'Historical Prices'!D251-1 -> -0.0040456478 | E254: ='Historical Prices'!E252/'Historical Prices'!E251-1 -> -0.0053706735 | F254: ='Historical Prices'!F252/'Historical Prices'!F251-1 -> -0.066142534 | G254: =SUMPRODUCT(B254:F254, $B$2:$F$2) -> -0.015692812 | H254: =G254*1000000 -> -15692.812
A255: ='Historical Prices'!A253 -> 45484 | B255: ='Historical Prices'!C253/'Historical Prices'!C252-1 -> -0.0025829291 | C255: ='Historical Prices'!B253/'Historical Prices'!B252-1 -> 0.00394842 | D255: ='Historical Prices'!D253/'Historical Prices'!D252-1 -> -0.0038208445 | E255: ='Historical Prices'!E253/'Historical Prices'!E252-1 -> 0.0026997973 | F255: ='Historical Prices'!F253/'Historical Prices'!F252-1 -> -0.01242677 | G255: =SUMPRODUCT(B255:F255, $B$2:$F$2) -> -0.0025886722 | H255: =G255*1000000 -> -2588.6722 | I255: =-_xlfn.PERCENTILE.INC(G5:G254, 0.05) -> 0.011878031 | J255: =--($G255<-I255) -> 0 | K255: =_xlfn.NORM.S.INV(0.95)*_xlfn.STDEV.S($G5:$G254)-AVERAGE($G5:$G254) -> 0.014578113 | L255: =--($G255<-K255) -> 0 | M255: =-_xlfn.PERCENTILE.INC(G5:G244, 0.01) -> 0.020786426 | N255: =--($G255<-M255) -> 0 | O255: =_xlfn.NORM.S.INV(0.99)*_xlfn.STDEV.S($G5:$G254)-AVERAGE($G5:$G254) -> 0.021119483 | P255: =--($G255<-O255) -> 0
A256: ='Historical Prices'!A254 -> 45485 | B256: ='Historical Prices'!C254/'Historical Prices'!C253-1 -> 0.00049324948 | C256: ='Historical Prices'!B254/'Historical Prices'!B253-1 -> 0.016631302 | D256: ='Historical Prices'!D254/'Historical Prices'!D253-1 -> -0.0044813665 | E256: ='Historical Prices'!E254/'Historical Prices'!E253-1 -> 0.035729389 | F256: ='Historical Prices'!F254/'Historical Prices'!F253-1 -> 0.0021867046 | G256: =SUMPRODUCT(B256:F256, $B$2:$F$2) -> 0.009149162 | H256: =G256*1000000 -> 9149.162 | I256: =-_xlfn.PERCENTILE.INC(G6:G255, 0.05) -> 0.011878031 | J256: =--($G256<-I256) -> 0 | K256: =_xlfn.NORM.S.INV(0.95)*_xlfn.STDEV.S($G6:$G255)-AVERAGE($G6:$G255) -> 0.014595387 | L256: =--($G256<-K256) -> 0 | M256: =-_xlfn.PERCENTILE.INC(G6:G245, 0.01) -> 0.020786426 | N256: =--($G256<-M256) -> 0 | O256: =_xlfn.NORM.S.INV(0.99)*_xlfn.STDEV.S($G6:$G255)-AVERAGE($G6:$G255) -> 0.021138743 | P256: =--($G256<-O256) -> 0
A257: ='Historical Prices'!A255 -> 45488 | B257: ='Historical Prices'!C255/'Historical Prices'!C254-1 -> -0.0003697741 | C257: ='Historical Prices'!B255/'Historical Prices'!B254-1 -> -0.0074774931 | D257: ='Historical Prices'!D255/'Historical Prices'!D254-1 -> -0.0023927431 | E257: ='Historical Prices'!E255/'Historical Prices'!E254-1 -> -0.0027456116 | F257: ='Historical Prices'!F255/'Historical Prices'!F254-1 -> 0.010022417 | G257: =SUMPRODUCT(B257:F257, $B$2:$F$2) -> -0.00057261335 | H257: =G257*1000000 -> -572.61335 | I257: =-_xlfn.PERCENTILE.INC(G7:G256, 0.05) -> 0.011878031 | J257: =--($G257<-I257) -> 0 | K257: =_xlfn.NORM.S.INV(0.95)*_xlfn.STDEV.S($G7:$G256)-AVERAGE($G7:$G256) -> 0.014565357 | L257: =--($G257<-K257) -> 0 | M257: =-_xlfn.PERCENTILE.INC(G7:G246, 0.01) -> 0.020786426 | N257: =--($G257<-M257) -> 0 | O257: =_xlfn.NORM.S.INV(0.99)*_xlfn.STDEV.S($G7:$G256)-AVERAGE($G7:$G256) -> 0.021115648 | P257: =--($G257<-O257) -> 0
A258: ='Historical Prices'!A256 -> 45489 | B258: ='Historical Prices'!C256/'Historical Prices'!C255-1 -> -0.0014487853 | C258: ='Historical Prices'!B256/'Historical Prices'!B255-1 -> -0.0026386771 | D258: ='Historical Prices'!D256/'Historical Prices'!D255-1 -> 0.0080897145 | E258: ='Historical Prices'!E256/'Historical Prices'!E255-1 -> 0.011130296 | F258: ='Historical Prices'!F256/'Historical Prices'!F255-1 -> 0.0094102122 | G258: =SUMPRODUCT(B258:F258, $B$2:$F$2) -> 0.0049202665 | H258: =G258*1000000 -> 4920.2665 | I258: =-_xlfn.PERCENTILE.INC(G8:G257, 0.05) -> 0.011878031 | J258: =--($G258<-I258) -> 0 | K258: =_xlfn.NORM.S.INV(0.95)*_xlfn.STDEV.S($G8:$G257)-AVERAGE($G8:$G257) -> 0.014575166 | L258: =--($G258<-K258) -> 0 | M258: =-_xlfn.PERCENTILE.INC(G8:G247, 0.01) -> 0.020786426 | N258: =--($G258<-M258) -> 0 | O258: =_xlfn.NORM.S.INV(0.99)*_xlfn.STDEV.S($G8:$G257)-AVERAGE($G8:$G257) -> 0.021107949 | P258: =--($G258<-O258) -> 0
A259: ='Historical Prices'!A257 -> 45491 | B259: ='Historical Prices'!C257/'Historical Prices'!C256-1 -> -0.0030559014 | C259: ='Historical Prices'!B257/'Historical Prices'!B256-1 -> 0.0041412014 | D259: ='Historical Prices'!D257/'Historical Prices'!D256-1 -> 0.0083878671 | E259: ='Historical Prices'!E257/'Historical Prices'!E256-1 -> 0.018539329 | F259: ='Historical Prices'!F257/'Historical Prices'!F256-1 -> 0.022744206 | G259: =SUMPRODUCT(B259:F259, $B$2:$F$2) -> 0.0098368997 | H259: =G259*1000000 -> 9836.8997 | I259: =-_xlfn.PERCENTILE.INC(G9:G258, 0.05) -> 0.011878031 | J259: =--($G259<-I259) -> 0 | K259: =_xlfn.NORM.S.INV(0.95)*_xlfn.STDEV.S($G9:$G258)-AVERAGE($G9:$G258) -> 0.014522674 | L259: =--($G259<-K259) -> 0 | M259: =-_xlfn.PERCENTILE.INC(G9:G248, 0.01) -> 0.020786426 | N259: =--($G259<-M259) -> 0 | O259: =_xlfn.NORM.S.INV(0.99)*_xlfn.STDEV.S($G9:$G258)-AVERAGE($G9:$G258) -> 0.021050981 | P259: =--($G259<-O259) -> 0
A260: ='Historical Prices'!A258 -> 45492 | B260: ='Historical Prices'!C258/'Historical Prices'!C257-1 -> -0.0046445941 | C260: ='Historical Prices'!B258/'Historical Prices'!B257-1 -> -0.013021343 | D260: ='Historical Prices'!D258/'Historical Prices'!D257-1 -> -0.0013196195 | E260: ='Historical Prices'!E258/'Historical Prices'!E257-1 -> 0.019851585 | F260: ='Historical Prices'!F258/'Historical Prices'!F257-1 -> -0.024880735 | G260: =SUMPRODUCT(B260:F260, $B$2:$F$2) -> -0.0048221181 | H260: =G260*1000000 -> -4822.1181 | I260: =-_xlfn.PERCENTILE.INC(G10:G259, 0.05) -> 0.011878031 | J260: =--($G260<-I260) -> 0 | K260: =_xlfn.NORM.S.INV(0.95)*_xlfn.STDEV.S($G10:$G259)-AVERAGE($G10:$G259) -> 0.01448218 | L260: =--($G260<-K260) -> 0 | M260: =-_xlfn.PERCENTILE.INC(G10:G249, 0.01) -> 0.020786426 | N260: =--($G260<-M260) -> 0 | O260: =_xlfn.NORM.S.INV(0.99)*_xlfn.STDEV.S($G10:$G259)-AVERAGE($G10:$G259) -> 0.021016845 | P260: =--($G260<-O260) -> 0
A261: ='Historical Prices'!A259 -> 45495 | B261: ='Historical Prices'!C259/'Historical Prices'!C258-1 -> 0.021931181 | C261: ='Historical Prices'!B259/'Historical Prices'!B258-1 -> -0.0076216641 | D261: ='Historical Prices'!D259/'Historical Prices'!D258-1 -> -0.0060066063 | E261: ='Historical Prices'!E259/'Historical Prices'!E258-1 -> 0.0099835575 | F261: ='Historical Prices'!F259/'Historical Prices'!F258-1 -> 0.020168817 | G261: =SUMPRODUCT(B261:F261, $B$2:$F$2) -> 0.0075744765 | H261: =G261*1000000 -> 7574.4765 | I261: =-_xlfn.PERCENTILE.INC(G11:G260, 0.05) -> 0.011878031 | J261: =--($G261<-I261) -> 0 | K261: =_xlfn.NORM.S.INV(0.95)*_xlfn.STDEV.S($G11:$G260)-AVERAGE($G11:$G260) -> 0.014518318 | L261: =--($G261<-K261) -> 0 | M261: =-_xlfn.PERCENTILE.INC(G11:G250, 0.01) -> 0.020786426 | N261: =--($G261<-M261) -> 0 | O261: =_xlfn.NORM.S.INV(0.99)*_xlfn.STDEV.S($G11:$G260)-AVERAGE($G11:$G260) -> 0.021058281 | P261: =--($G261<-O261) -> 0
A262: ='Historical Prices'!A260 -> 45496 | B262: ='Historical Prices'!C260/'Historical Prices'!C259-1 -> -0.014702721 | C262: ='Historical Prices'!B260/'Historical Prices'!B259-1 -> -0.015009848 | D262: ='Historical Prices'!D260/'Historical Prices'!D259-1 -> -0.011602133 | E262: ='Historical Prices'!E260/'Historical Prices'!E259-1 -> 0.014385544 | F262: ='Historical Prices'!F260/'Historical Prices'!F259-1 -> 0.0059184682 | G262: =SUMPRODUCT(B262:F262, $B$2:$F$2) -> -0.0047142529 | H262: =G262*1000000 -> -4714.2529 | I262: =-_xlfn.PERCENTILE.INC(G12:G261, 0.05) -> 0.011878031 | J262: =--($G262<-I262) -> 0 | K262: =_xlfn.NORM.S.INV(0.95)*_xlfn.STDEV.S($G12:$G261)-AVERAGE($G12:$G261) -> 0.014470925 | L262: =--($G262<-K262) -> 0 | M262: =-_xlfn.PERCENTILE.INC(G12:G251, 0.01) -> 0.020786426 | N262: =--($G262<-M262) -> 0 | O262: =_xlfn.NORM.S.INV(0.99)*_xlfn.STDEV.S($G12:$G261)-AVERAGE($G12:$G261) -> 0.021011499 | P262: =--($G262<-O262) -> 0
A263: ='Historical Prices'!A261 -> 45497 | B263: ='Historical Prices'!C261/'Historical Prices'!C260-1 -> -0.0088667625 | C263: ='Historical Prices'!B261/'Historical Prices'!B260-1 -> -0.018998544 | D263: ='Historical Prices'!D261/'Historical Prices'!D260-1 -> -0.0030568676 | E263: ='Historical Prices'!E261/'Historical Prices'!E260-1 -> -0.0016060397 | F263: ='Historical Prices'!F261/'Historical Prices'!F260-1 -> -0.0056178022 | G263: =SUMPRODUCT(B263:F263, $B$2:$F$2) -> -0.0074435857 | H263: =G263*1000000 -> -7443.5857 | I263: =-_xlfn.PERCENTILE.INC(G13:G262, 0.05) -> 0.011878031 | J263: =--($G263<-I263) -> 0 | K263: =_xlfn.NORM.S.INV(0.95)*_xlfn.STDEV.S($G13:$G262)-AVERAGE($G13:$G262) -> 0.014516688 | L263: =--($G263<-K263) -> 0 | M263: =-_xlfn.PERCENTILE.INC(G13:G252, 0.01) -> 0.020786426 | N263: =--($G263<-M263) -> 0 | O263: =_xlfn.NORM.S.INV(0.99)*_xlfn.STDEV.S($G13:$G262)-AVERAGE($G13:$G262) -> 0.021052408 | P263: =--($G263<-O263) -> 0
A264: ='Historical Prices'!A262 -> 45498 | B264: ='Historical Prices'!C262/'Historical Prices'!C261-1 -> 0.0078238651 | C264: ='Historical Prices'!B262/'Historical Prices'!B261-1 -> -0.05111958 | D264: ='Historical Prices'!D262/'Historical Prices'!D261-1 -> -0.020523311 | E264: ='Historical Prices'!E262/'Historical Prices'!E261-1 -> -0.0049618985 | F264: ='Historical Prices'!F262/'Historical Prices'!F261-1 -> 0.0021029543 | G264: =SUMPRODUCT(B264:F264, $B$2:$F$2) -> -0.012958591 | H264: =G264*1000000 -> -12958.591 | I264: =-_xlfn.PERCENTILE.INC(G14:G263, 0.05) -> 0.011878031 | J264: =--($G264<-I264) -> 1 | K264: =_xlfn.NORM.S.INV(0.95)*_xlfn.STDEV.S($G14:$G263)-AVERAGE($G14:$G263) -> 0.014588039 | L264: =--($G264<-K264) -> 0 | M264: =-_xlfn.PERCENTILE.INC(G14:G253, 0.01) -> 0.020786426 | N264: =--($G264<-M264) -> 0 | O264: =_xlfn.NORM.S.INV(0.99)*_xlfn.STDEV.S($G14:$G263)-AVERAGE($G14:$G263) -> 0.021126764 | P264: =--($G264<-O264) -> 0
A265: ='Historical Prices'!A263 -> 45499 | B265: ='Historical Prices'!C263/'Historical Prices'!C262-1 -> 0.00095884781 | C265: ='Historical Prices'!B263/'Historical Prices'!B262-1 -> 0.0012329824 | D265: ='Historical Prices'!D263/'Historical Prices'!D262-1 -> 0.0077635535 | E265: ='Historical Prices'!E263/'Historical Prices'!E262-1 -> 0.029618895 | F265: ='Historical Prices'!F263/'Historical Prices'!F262-1 -> 0.027175153 | G265: =SUMPRODUCT(B265:F265, $B$2:$F$2) -> 0.012900066 | H265: =G265*1000000 -> 12900.066 | I265: =-_xlfn.PERCENTILE.INC(G15:G264, 0.05) -> 0.012214908 | J265: =--($G265<-I265) -> 0 | K265: =_xlfn.NORM.S.INV(0.95)*_xlfn.STDEV.S($G15:$G264)-AVERAGE($G15:$G264) -> 0.014724422 | L265: =--($G265<-K265) -> 0 | M265: =-_xlfn.PERCENTILE.INC(G15:G254, 0.01) -> 0.020786426 | N265: =--($G265<-M265) -> 0 | O265: =_xlfn.NORM.S.INV(0.99)*_xlfn.STDEV.S($G15:$G264)-AVERAGE($G15:$G264) -> 0.021287747 | P265: =--($G265<-O265) -> 0
A266: ='Historical Prices'!A264 -> 45502 | B266: ='Historical Prices'!C264/'Historical Prices'!C263-1 -> -0.0080957267 | C266: ='Historical Prices'!B264/'Historical Prices'!B263-1 -> -0.0062003145 | D266: ='Historical Prices'!D264/'Historical Prices'!D263-1 -> 0.0045559158 | E266: ='Historical Prices'!E264/'Historical Prices'!E263-1 -> -0.0041513269 | F266: ='Historical Prices'!F264/'Historical Prices'!F263-1 -> 0.015651972 | G266: =SUMPRODUCT(B266:F266, $B$2:$F$2) -> 0.00044837967 | H266: =G266*1000000 -> 448.37967 | I266: =-_xlfn.PERCENTILE.INC(G16:G265, 0.05) -> 0.012214908 | J266: =--($G266<-I266) -> 0 | K266: =_xlfn.NORM.S.INV(0.95)*_xlfn.STDEV.S($G16:$G265)-AVERAGE($G16:$G265) -> 0.014736281 | L266: =--($G266<-K266) -> 0 | M266: =-_xlfn.PERCENTILE.INC(G16:G255, 0.01) -> 0.020786426 | N266: =--($G266<-M266) -> 0 | O266: =_xlfn.NORM.S.INV(0.99)*_xlfn.STDEV.S($G16:$G265)-AVERAGE($G16:$G265) -> 0.021313058 | P266: =--($G266<-O266) -> 0
... A744: ='Historical Prices'!A742 -> 46203 | B744: ='Historical Prices'!C742/'Historical Prices'!C741-1 -> -0.0011891503 | C744: ='Historical Prices'!B742/'Historical Prices'!B741-1 -> -0.0081810922 | D744: ='Historical Prices'!D742/'Historical Prices'!D741-1 -> -0.0089363299 | E744: ='Historical Prices'!E742/'Historical Prices'!E741-1 -> -0.035014882 | F744: ='Historical Prices'!F742/'Historical Prices'!F741-1 -> -0.0078241129 | G744: =SUMPRODUCT(B744:F744, $B$2:$F$2) -> -0.011755527 | H744: =G744*1000000 -> -11755.527 | I744: =-_xlfn.PERCENTILE.INC(G494:G743, 0.05) -> 0.017469638 | J744: =--($G744<-I744) -> 0 | K744: =_xlfn.NORM.S.INV(0.95)*_xlfn.STDEV.S($G494:$G743)-AVERAGE($G494:$G743) -> 0.016792469 | L744: =--($G744<-K744) -> 0 | M744: =-_xlfn.PERCENTILE.INC(G494:G733, 0.01) -> 0.025598995 | N744: =--($G744<-M744) -> 0 | O744: =_xlfn.NORM.S.INV(0.99)*_xlfn.STDEV.S($G494:$G743)-AVERAGE($G494:$G743) -> 0.023607401 | P744: =--($G744<-O744) -> 0
J745: =COUNTIF(J255:J744, 1) -> 36 | L745: =COUNTIF(L255:L744, 1) -> 29 | N745: =COUNTIF(N255:N744, 1) -> 9 | P745: =COUNTIF(P255:P744, 1) -> 9

Sheet Backtesting Summary
A1: Confidence Level | B1: Method | C1: Observations | D1: Breaches | E1: Expected Rate | F1: Observed Rate | G1: LR Statistic | H1: p-value | I1: Conclusion
A2: 0.95 | B2: Historical | C2: 490 | D2: 36 | E2: 0.05 | F2: =D2/C2 -> 0.073469388 | G2: =2*(D2*LN(F2/E2)+(C2-D2)*LN((1-F2)/(1-E2))) -> 4.9953711 | H2: =_xlfn.CHISQ.DIST.RT(G2, 1) -> 0.025415203 | I2: =IF(H2<0.05, "Reject expected breach rate", "Do not reject expected breach rate") -> Reject expected breach rate
A3: 0.95 | B3: Parametric | C3: 490 | D3: 29 | E3: 0.05 | F3: =D3/C3 -> 0.059183673 | G3: =2*(D3*LN(F3/E3)+(C3-D3)*LN((1-F3)/(1-E3))) -> 0.82375979 | H3: =_xlfn.CHISQ.DIST.RT(G3, 1) -> 0.36408318 | I3: =IF(H3<0.05, "Reject expected breach rate", "Do not reject expected breach rate") -> Do not reject expected breach rate
A4: 0.99 | B4: Historical | C4: 490 | D4: 9 | E4: 0.01 | F4: =D4/C4 -> 0.018367347 | G4: =2*(D4*LN(F4/E4)+(C4-D4)*LN((1-F4)/(1-E4))) -> 2.7785594 | H4: =_xlfn.CHISQ.DIST.RT(G4, 1) -> 0.095534065 | I4: =IF(H4<0.05, "Reject expected breach rate", "Do not reject expected breach rate") -> Do not reject expected breach rate
A5: 0.99 | B5: Parametric | C5: 490 | D5: 9 | E5: 0.01 | F5: =D5/C5 -> 0.018367347 | G5: =2*(D5*LN(F5/E5)+(C5-D5)*LN((1-F5)/(1-E5))) -> 2.7785594 | H5: =_xlfn.CHISQ.DIST.RT(G5, 1) -> 0.095534065 | I5: =IF(H5<0.05, "Reject expected breach rate", "Do not reject expected breach rate") -> Do not reject expected breach rate

Sheet Final Summary
A1: Risk Measure | B1: Confidence Level | C1: Historical Method | D1: Parametric Method
A2: VaR (%) | B2: 0.95 | C2: 0.015099 | D2: 0.015918
A3: VaR (₹) | B3: 0.95 | C3: 15098.98 | D3: 15918.04
A4: VaR (%) | B4: 0.99 | C4: 0.025599 | D4: 0.022696
A5: VaR (₹) | B5: 0.99 | C5: 25599 | D5: 22695.82
A6: ES (%) | B6: 0.95 | C6: 0.022072 | D6: 0.020075
A7: ES (₹) | B7: 0.95 | C7: 22072.42 | D7: 20075.41
A8: ES (%) | B8: 0.99 | C8: 0.033597 | D8: 0.026072
A9: ES (₹) | B9: 0.99 | C9: 33597.17 | D9: 26071.92
A11: Confidence Level | B11: Method | C11: Observations | D11: Breaches | E11: Expected Rate | F11: Observed Rate | G11: LR Statistic | H11: p-value | I11: Conclusion
A12: 0.95 | B12: Historical | C12: 490 | D12: 36 | E12: 0.05 | F12: =D12/C12 -> 0.073469388 | G12: =2*(D12*LN(F12/E12)+(C12-D12)*LN((1-F12)/(1-E12))) -> 4.9953711 | H12: =_xlfn.CHISQ.DIST.RT(G12, 1) -> 0.025415203 | I12: =IF(H12<0.05, "Reject", "Do not reject") -> Reject
A13: 0.95 | B13: Parametric | C13: 490 | D13: 29 | E13: 0.05 | F13: =D13/C13 -> 0.059183673 | G13: =2*(D13*LN(F13/E13)+(C13-D13)*LN((1-F13)/(1-E13))) -> 0.82375979 | H13: =_xlfn.CHISQ.DIST.RT(G13, 1) -> 0.36408318 | I13: =IF(H13<0.05, "Reject", "Do not reject") -> Do not reject
A14: 0.99 | B14: Historical | C14: 490 | D14: 9 | E14: 0.01 | F14: =D14/C14 -> 0.018367347 | G14: =2*(D14*LN(F14/E14)+(C14-D14)*LN((1-F14)/(1-E14))) -> 2.7785594 | H14: =_xlfn.CHISQ.DIST.RT(G14, 1) -> 0.095534065 | I14: =IF(H14<0.05, "Reject", "Do not reject") -> Do not reject
A15: 0.99 | B15: Parametric | C15: 490 | D15: 9 | E15: 0.01 | F15: =D15/C15 -> 0.018367347 | G15: =2*(D15*LN(F15/E15)+(C15-D15)*LN((1-F15)/(1-E15))) -> 2.7785594 | H15: =_xlfn.CHISQ.DIST.RT(G15, 1) -> 0.095534065 | I15: =IF(H15<0.05, "Reject", "Do not reject") -> Do not reject
